strength,result_top_k,recall,correct,total
1,1,0.45416666666666666,109,240
2,1,0.5916666666666667,142,240
3,1,0.6125,147,240
